difficulty,stimulus_type,signal,mean_rt,std_rt,median_rt,accuracy_mean,n_trials
easy,complex,absent,0.8928926419753087,0.2589246285802935,0.82,0.9227654320987654,10125
easy,complex,present,0.8953742355494181,0.25984290071544586,0.822,0.9197080291970803,10138
easy,simple,absent,0.7284648468185388,0.27535870696464904,0.647,0.9219363707776905,10184
easy,simple,present,0.7318192179210061,0.2731393663103401,0.652,0.9230693652977009,10178
hard,complex,absent,1.0067138458380376,0.3254041780632604,0.919,0.7049163502001436,9743
hard,complex,present,1.005771323001129,0.3229270330310719,0.919,0.70635327927743,9743
hard,simple,absent,0.8506359135004042,0.35407053239388114,0.748,0.7089733225545675,9896
hard,simple,present,0.854228071948262,0.34883199786266245,0.759,0.7084680679062247,9896
